rank,channel_name,playlist_title,language,level,video_count,duration_hours,description,channel_url,playlist_url
1,Jenny's Lectures CS/IT,Data Structures and Algorithms,English,Beginner-Intermediate,200,40,Best for university exams with 13+ years teaching experience covering DSA DAA DBMS and OS with step-by-step problem solving.,https://www.youtube.com/@JennyslecturesCSIT,https://www.youtube.com/playlist?list=PLdo5W4NhNlICJ_feSAt036f0oatqH066z
2,Neso Academy,Data Structures using C,English,Beginner-Intermediate,150,25,Highly structured theory-based DSA course aligned with university and GATE exam syllabus covering arrays stacks trees and graphs.,https://www.youtube.com/@nesoacademy,https://www.youtube.com/playlist?list=PLBlnK6fEyqRhX6r2uhhlubuF5yEXTdBRM
3,MyCodeSchool,Data Structures,English,Beginner-Intermediate,42,8,Best for mastering pointers linked lists trees and sorting using C and C++ with clear PPT-based explanations.,https://www.youtube.com/@mycodeschool,https://www.youtube.com/playlist?list=PL2_aWCzGMAwLZp6LMUKI3cc7pgGsasm2_
4,CodeWithHarry,Data Structures and Algorithms in Hindi,Hindi,Beginner,80,15,Popular for placement preparation covering DSA concepts in Hindi with beginner-friendly explanations and real-world examples.,https://www.youtube.com/@CodeWithHarry,https://www.youtube.com/playlist?list=PLu0W_9lII9aiXlHcLx-mDH1Qul38wD3a_
5,Gate Smashers,Data Structures (C/C++),English/Hindi,Beginner-Intermediate,100,18,Focused on competitive exam and interview questions covering all major data structure topics with GATE-level problem solving.,https://www.youtube.com/@GateSmashers,https://www.youtube.com/playlist?list=PLxCzCOWd7aiHCt7KDeif7I-W_T7L9Zz_w
6,Apna College,Data Structures and Algorithms,Hindi,Beginner,90,20,Fast-paced review course ideal for quick DSA revision and placement preparation with concise and practical teaching.,https://www.youtube.com/@ApnaCollegeOfficial,https://www.youtube.com/playlist?list=PLfqMhTWNBTe0b2nM6JHVCnEqst08ASbwW7
7,freeCodeCamp.org,C Programming and Data Structures (Full Course),English,Beginner,1,8,Full course covering C programming fundamentals alongside core data structures like arrays pointers linked lists and trees in one video.,https://www.youtube.com/@freecodecamp,https://www.youtube.com/watch?v=KJgsSFOSQv0
8,Bro Code,C Programming Tutorial for Beginners,English,Beginner,100,10,Quick and concise C basics course covering syntax control flow functions arrays and pointers in a beginner-friendly format.,https://www.youtube.com/@BroCodez,https://www.youtube.com/playlist?list=PLZPZq0r_RZOM6skzLqOm8VUMfgv_BW3mN
9,Jacob Sorber,C Programming (Memory and Linux Focus),English,Intermediate-Advanced,60,12,Deep dive into memory management low-level Linux system programming and practical C concepts for serious C developers.,https://www.youtube.com/@JacobSorber,https://www.youtube.com/playlist?list=PL9IEJIKnBJjH7m8eS986rDqP-Dsr-q853
10,ProgrammingKnowledge,C Programming for Absolute Beginners,English,Beginner,80,14,Ideal for absolute beginners covering ANSI GNU and K/R C standards with simple examples and easy-to-follow step-by-step tutorials.,https://www.youtube.com/@ProgrammingKnowledge,https://www.youtube.com/playlist?list=PLTXMOn73OnNSu_M0ZpU6uS_X5v0t6fMEn
 